"Symbol","Series","Date","Prev Close","Open Price","High Price","Low Price","Last Price","Close Price","Average Price","Total Traded Quantity","Turnover","No. of Trades"
"YESBANK","EQ","26-Dec-2017","        310.15","        310.50","        317.90","        310.20","        315.30","        315.50","        314.70","    9269961","          2917295775.95","      98604"
"YESBANK","EQ","27-Dec-2017","        315.50","        316.65","        318.95","        313.35","        313.90","        315.15","        316.55","    8912485","          2821227113.10","      89638"
"YESBANK","EQ","28-Dec-2017","        315.15","        314.00","        316.00","        311.80","        312.75","        313.50","        313.99","    7927990","          2489324658.45","      74137"
"YESBANK","EQ","29-Dec-2017","        313.50","        313.50","        315.80","        312.80","        315.10","        315.15","        314.73","    4718184","          1484971436.50","      51047"
"YESBANK","EQ","01-Jan-2018","        315.15","        315.50","        317.75","        311.30","        312.30","        312.60","        314.50","    4019878","          1264242253.20","      32852"
"YESBANK","EQ","02-Jan-2018","        312.60","        313.40","        314.00","        307.15","        312.40","        311.65","        311.22","    5224976","          1626138862.45","      46756"
"YESBANK","EQ","03-Jan-2018","        311.65","        312.00","        316.50","        311.15","        316.00","        315.85","        314.93","    5672263","          1786344789.15","      71484"
"YESBANK","EQ","04-Jan-2018","        315.85","        316.00","        318.40","        313.00","        317.55","        317.10","        315.25","    5667580","          1786710637.05","      53032"
"YESBANK","EQ","05-Jan-2018","        317.10","        317.50","        337.90","        317.45","        332.90","        332.85","        331.43","   30720675","         10181639178.35","     249040"
"YESBANK","EQ","08-Jan-2018","        332.85","        336.00","        341.30","        331.30","        333.15","        333.60","        336.48","   12747890","          4289450275.45","     132566"
"YESBANK","EQ","09-Jan-2018","        333.60","        334.90","        342.80","        327.55","        341.50","        341.35","        337.37","   13282560","          4481132099.20","     163402"
"YESBANK","EQ","10-Jan-2018","        341.35","        341.50","        342.35","        335.45","        338.75","        339.80","        339.01","   10385044","          3520586288.60","      97750"
"YESBANK","EQ","11-Jan-2018","        339.80","        339.00","        344.25","        335.30","        342.35","        343.15","        340.85","    8266266","          2817559600.45","      78837"
"YESBANK","EQ","12-Jan-2018","        343.15","        344.10","        344.70","        337.55","        340.05","        340.90","        340.71","    5688676","          1938169153.10","      62206"
"YESBANK","EQ","15-Jan-2018","        340.90","        341.90","        343.70","        335.10","        336.15","        336.00","        338.87","    7142164","          2420281048.50","      62966"
"YESBANK","EQ","16-Jan-2018","        336.00","        336.00","        338.75","        328.00","        334.65","        334.85","        334.19","    7296505","          2438438049.75","      76996"
"YESBANK","EQ","17-Jan-2018","        334.85","        335.10","        343.50","        331.40","        342.40","        342.40","        337.63","    7985222","          2696017702.30","     102872"
"YESBANK","EQ","18-Jan-2018","        342.40","        350.00","        356.90","        332.35","        346.35","        341.20","        348.88","   35465087","         12373151524.65","     237760"
"YESBANK","EQ","19-Jan-2018","        341.20","        347.50","        352.25","        339.10","        348.75","        349.35","        345.88","   21425789","          7410763849.10","     190091"
"YESBANK","EQ","22-Jan-2018","        349.35","        349.95","        358.25","        348.75","        357.80","        355.35","        353.47","   13456538","          4756539788.20","     137787"
"YESBANK","EQ","23-Jan-2018","        355.35","        359.85","        360.40","        352.30","        359.45","        359.55","        357.15","   10196645","          3641713782.75","     124739"
"YESBANK","EQ","24-Jan-2018","        359.55","        357.00","        366.30","        356.00","        364.70","        364.80","        362.69","   11258771","          4083464782.55","     111438"
"YESBANK","EQ","25-Jan-2018","        364.80","        364.50","        364.50","        355.65","        361.20","        361.60","        359.57","    8963188","          3222876010.45","     124349"
"YESBANK","EQ","29-Jan-2018","        361.60","        361.20","        363.70","        355.55","        357.30","        358.00","        359.49","    7931235","          2851222628.60","      96485"
"YESBANK","EQ","30-Jan-2018","        358.00","        358.00","        360.80","        351.85","        352.55","        353.35","        356.40","    7890491","          2812162289.70","      73786"
"YESBANK","EQ","31-Jan-2018","        353.35","        353.00","        356.55","        350.45","        354.90","        354.40","        353.64","    8527044","          3015470711.40","      98580"
"YESBANK","EQ","01-Feb-2018","        354.40","        355.00","        367.25","        352.65","        360.30","        359.90","        358.83","   15217926","          5460702472.50","     136702"
"YESBANK","EQ","02-Feb-2018","        359.90","        354.20","        356.00","        341.80","        347.00","        349.05","        349.98","   16298953","          5704302703.30","     129822"
"YESBANK","EQ","05-Feb-2018","        349.05","        340.00","        349.00","        333.60","        343.95","        343.60","        341.15","   13407059","          4573823851.80","     168697"
"YESBANK","EQ","06-Feb-2018","        343.60","        325.00","        342.90","        324.00","        339.40","        338.75","        333.88","   12557261","          4192601731.25","     133041"
"YESBANK","EQ","07-Feb-2018","        338.75","        344.00","        344.00","        330.60","        330.95","        332.90","        336.13","   11681640","          3926547827.40","     107528"
"YESBANK","EQ","08-Feb-2018","        332.90","        332.90","        340.35","        331.50","        336.10","        335.00","        337.12","    7785799","          2624779486.65","      76611"
"YESBANK","EQ","09-Feb-2018","        335.00","        330.00","        331.45","        324.00","        325.10","        325.55","        327.21","    9395513","          3074263768.70","      95052"
"YESBANK","EQ","12-Feb-2018","        325.55","        326.60","        337.20","        326.60","        334.70","        335.40","        332.54","   12049356","          4006933613.90","      93637"
"YESBANK","EQ","14-Feb-2018","        335.40","        336.00","        337.85","        318.95","        319.35","        320.35","        325.93","   13548524","          4415901234.55","     160539"
"YESBANK","EQ","15-Feb-2018","        320.35","        321.20","        328.80","        317.70","        321.00","        319.80","        324.52","   15482667","          5024413605.60","     162179"
"YESBANK","EQ","16-Feb-2018","        319.80","        324.00","        325.00","        309.65","        312.00","        311.80","        314.19","   18611798","          5847560584.85","     200889"
"YESBANK","EQ","19-Feb-2018","        311.80","        313.85","        315.00","        307.55","        314.35","        312.05","        310.61","    9311433","          2892209806.05","      99100"
"YESBANK","EQ","20-Feb-2018","        312.05","        314.35","        316.10","        307.50","        308.05","        308.70","        312.42","   11389041","          3558162373.55","     102896"
"YESBANK","EQ","21-Feb-2018","        308.70","        311.00","        313.90","        304.50","        313.20","        312.35","        308.98","   13342678","          4122679200.40","     134615"
"YESBANK","EQ","22-Feb-2018","        312.35","        311.90","        316.90","        308.15","        315.55","        316.10","        314.78","   14787238","          4654706376.35","     141358"
"YESBANK","EQ","23-Feb-2018","        316.10","        316.45","        326.00","        316.45","        323.40","        323.45","        323.08","   11399732","          3683079046.05","     102159"
"YESBANK","EQ","26-Feb-2018","        323.45","        326.50","        328.20","        319.35","        324.35","        326.15","        324.43","    9225197","          2992923945.15","      90249"
"YESBANK","EQ","27-Feb-2018","        326.15","        325.30","        334.25","        325.00","        326.35","        327.15","        329.41","   15104405","          4975517834.15","      99022"
"YESBANK","EQ","28-Feb-2018","        327.15","        323.00","        325.20","        318.05","        322.10","        322.30","        321.02","   10985771","          3526605291.10","     103541"
"YESBANK","EQ","01-Mar-2018","        322.30","        322.10","        326.00","        318.35","        320.10","        321.05","        323.54","    7333939","          2372831458.55","      62668"
"YESBANK","EQ","05-Mar-2018","        321.05","        318.50","        319.00","        311.15","        313.50","        312.95","        313.63","    7973146","          2500595387.35","     106273"
"YESBANK","EQ","06-Mar-2018","        312.95","        317.00","        320.50","        309.85","        310.90","        312.15","        316.43","    8299126","          2626120281.25","      82913"
"YESBANK","EQ","07-Mar-2018","        312.15","        312.00","        314.90","        308.00","        310.00","        311.95","        312.50","    8420190","          2631345033.70","      75842"
"YESBANK","EQ","08-Mar-2018","        311.95","        312.30","        313.25","        294.70","        308.85","        308.55","        302.69","   24027679","          7272936318.80","     191839"
"YESBANK","EQ","09-Mar-2018","        308.55","        310.00","        310.95","        301.30","        302.85","        303.25","        305.75","   11596136","          3545491916.10","      97173"
"YESBANK","EQ","12-Mar-2018","        303.25","        305.20","        314.50","        301.35","        313.55","        311.15","        305.35","   12860205","          3926880220.60","      87721"
"YESBANK","EQ","13-Mar-2018","        311.15","        310.00","        315.40","        309.80","        312.60","        312.80","        312.98","   11436348","          3579361065.80","      93701"
"YESBANK","EQ","14-Mar-2018","        312.80","        311.80","        321.90","        308.20","        318.00","        318.85","        316.65","   12905495","          4086519583.40","     102326"
"YESBANK","EQ","15-Mar-2018","        318.85","        318.95","        321.00","        310.85","        312.00","        311.85","        314.89","    9999620","          3148752607.25","      79169"
"YESBANK","EQ","16-Mar-2018","        311.85","        312.40","        316.85","        310.00","        314.50","        312.90","        313.89","   17094363","          5365790836.25","     158616"
"YESBANK","EQ","19-Mar-2018","        312.90","        316.00","        316.50","        302.50","        304.60","        304.80","        307.85","   11267355","          3468609591.10","     117081"
"YESBANK","EQ","20-Mar-2018","        304.80","        303.00","        305.80","        299.70","        303.00","        302.40","        303.19","    9874137","          2993742665.65","     111797"
"YESBANK","EQ","21-Mar-2018","        302.40","        305.00","        309.05","        300.05","        300.90","        300.75","        304.82","   13383435","          4079472477.45","     135540"
"YESBANK","EQ","22-Mar-2018","        300.75","        301.80","        303.70","        295.75","        297.40","        298.25","        299.70","   19356591","          5801194388.90","     141530"
"YESBANK","EQ","23-Mar-2018","        298.25","        293.00","        293.05","        285.00","        287.40","        286.65","        287.37","   21617995","          6212282233.60","     203264"
"YESBANK","EQ","26-Mar-2018","        286.65","        286.50","        304.90","        286.00","        304.85","        303.35","        295.58","   24240033","          7164931658.15","     219153"
"YESBANK","EQ","27-Mar-2018","        303.35","        307.00","        309.25","        300.70","        303.35","        303.50","        304.68","   15267419","          4651682305.55","     148789"
"YESBANK","EQ","28-Mar-2018","        303.50","        300.15","        307.50","        299.10","        306.05","        304.85","        303.28","   14952643","          4534790899.00","     146755"
"YESBANK","EQ","02-Apr-2018","        304.85","        307.00","        308.50","        303.60","        306.80","        306.25","        305.73","    8844027","          2703919698.25","     100756"
"YESBANK","EQ","03-Apr-2018","        306.25","        306.45","        314.20","        304.00","        313.00","        313.10","        312.00","   10392997","          3242568660.95","      92925"
"YESBANK","EQ","04-Apr-2018","        313.10","        313.00","        320.00","        304.00","        305.00","        305.45","        313.56","   13516525","          4238175546.40","     134734"
"YESBANK","EQ","05-Apr-2018","        305.45","        311.80","        315.60","        307.80","        314.70","        313.05","        311.52","   11449637","          3566815480.80","      77410"
"YESBANK","EQ","06-Apr-2018","        313.05","        314.70","        316.00","        311.60","        313.60","        314.50","        314.01","    8598435","          2700035729.40","      85332"
"YESBANK","EQ","09-Apr-2018","        314.50","        316.00","        319.90","        314.40","        315.80","        316.25","        316.93","   14002415","          4437841902.45","     100138"
"YESBANK","EQ","10-Apr-2018","        316.25","        320.10","        320.50","        315.00","        319.25","        319.25","        317.82","    9976629","          3170781256.20","      95452"
"YESBANK","EQ","11-Apr-2018","        319.25","        320.00","        320.00","        310.50","        312.40","        312.00","        314.17","    9921987","          3117208181.05","      76261"
"YESBANK","EQ","12-Apr-2018","        312.00","        312.20","        313.35","        308.00","        312.20","        311.75","        310.62","   11359462","          3528481395.40","     121034"
"YESBANK","EQ","13-Apr-2018","        311.75","        312.60","        314.45","        305.70","        310.00","        309.55","        311.24","   12849690","          3999379330.40","     101167"
"YESBANK","EQ","16-Apr-2018","        309.55","        307.00","        311.10","        306.45","        310.85","        310.35","        308.46","   10808237","          3333921180.60","      82436"
"YESBANK","EQ","17-Apr-2018","        310.35","        311.90","        313.35","        307.25","        308.40","        307.90","        309.96","   12509310","          3877347752.15","     118506"
"YESBANK","EQ","18-Apr-2018","        307.90","        311.00","        313.70","        308.75","        309.50","        309.55","        311.25","   11323144","          3524331092.15","     101512"
"YESBANK","EQ","19-Apr-2018","        309.55","        311.00","        319.50","        309.00","        318.50","        318.50","        315.07","   13498117","          4252867410.80","     108731"
"YESBANK","EQ","20-Apr-2018","        318.50","        317.70","        317.70","        306.05","        309.00","        308.55","        309.87","   21800867","          6755476103.80","     179286"
"YESBANK","EQ","23-Apr-2018","        308.55","        310.90","        317.00","        309.00","        314.00","        313.05","        314.33","   10927239","          3434809173.40","     102364"
"YESBANK","EQ","24-Apr-2018","        313.05","        314.00","        328.80","        314.00","        324.15","        324.00","        323.55","   24392058","          7892048785.15","     175624"
"YESBANK","EQ","25-Apr-2018","        324.00","        323.75","        328.50","        317.45","        325.15","        325.25","        324.53","   15370686","          4988248223.60","     116264"
"YESBANK","EQ","26-Apr-2018","        325.25","        327.95","        360.25","        323.60","        358.15","        352.40","        341.22","   62364794","         21280346760.30","     378197"
"YESBANK","EQ","27-Apr-2018","        352.40","        365.00","        369.00","        345.10","        348.65","        348.90","        355.21","   52230752","         18552856657.00","     400840"
"YESBANK","EQ","30-Apr-2018","        348.90","        350.90","        367.20","        350.30","        360.95","        362.00","        361.10","   28400085","         10255352529.45","     212276"
"YESBANK","EQ","02-May-2018","        362.00","        361.95","        364.70","        351.70","        354.00","        354.25","        357.51","   13058846","          4668690965.50","     185687"
"YESBANK","EQ","03-May-2018","        354.25","        354.00","        359.25","        346.50","        353.45","        353.95","        352.54","   15431044","          5440054297.40","     174195"
"YESBANK","EQ","04-May-2018","        353.95","        354.50","        357.75","        344.20","        345.65","        345.10","        349.14","   12241946","          4274194119.10","     106283"
"YESBANK","EQ","07-May-2018","        345.10","        347.80","        350.00","        342.65","        348.00","        347.90","        347.45","    6781161","          2356139151.50","      83407"
"YESBANK","EQ","08-May-2018","        347.90","        350.00","        353.95","        340.50","        344.05","        343.30","        346.57","   11670852","          4044809126.90","     110666"
"YESBANK","EQ","09-May-2018","        343.30","        344.45","        349.75","        343.20","        348.15","        347.85","        347.29","    9802803","          3404399971.25","      79592"
"YESBANK","EQ","10-May-2018","        347.85","        350.95","        350.95","        342.65","        343.20","        344.65","        346.85","    7330619","          2542609160.80","      63069"
"YESBANK","EQ","11-May-2018","        344.65","        346.50","        351.80","        341.80","        348.70","        350.25","        347.02","    7642090","          2651929608.20","      76097"
"YESBANK","EQ","14-May-2018","        350.25","        350.80","        353.80","        343.10","        345.00","        344.80","        348.02","    7468232","          2599094320.90","      54504"
"YESBANK","EQ","15-May-2018","        344.80","        346.00","        354.60","        343.60","        345.55","        345.75","        349.79","   12805393","          4479249021.25","     164845"
"YESBANK","EQ","16-May-2018","        345.75","        344.00","        356.45","        342.00","        349.55","        349.75","        349.83","   12708109","          4445662706.95","     115675"
"YESBANK","EQ","17-May-2018","        349.75","        351.50","        352.00","        344.00","        345.25","        345.30","        347.24","    6702419","          2327363165.15","      71977"
"YESBANK","EQ","18-May-2018","        345.30","        346.50","        348.80","        343.10","        346.00","        345.50","        345.93","    8938377","          3092076062.35","      84820"
"YESBANK","EQ","21-May-2018","        345.50","        346.00","        349.20","        333.05","        334.10","        334.15","        339.23","    8748958","          2967937649.30","      76072"
"YESBANK","EQ","22-May-2018","        334.15","        334.10","        340.75","        331.00","        334.50","        334.70","        334.81","   10869535","          3639254467.15","      88016"
"YESBANK","EQ","23-May-2018","        334.70","        335.00","        338.75","        331.50","        333.50","        333.70","        335.01","    7738850","          2592587049.95","      85619"
"YESBANK","EQ","24-May-2018","        333.70","        336.70","        337.00","        325.60","        331.85","        330.00","        331.80","    8077461","          2680095994.35","      67734"
"YESBANK","EQ","25-May-2018","        330.00","        333.00","        341.90","        332.00","        341.35","        339.40","        336.51","    6957024","          2341074875.40","      82818"
"YESBANK","EQ","28-May-2018","        339.40","        341.50","        348.25","        340.75","        344.60","        345.20","        344.85","    8982939","          3097757130.20","      89311"
"YESBANK","EQ","29-May-2018","        345.20","        344.40","        345.90","        335.10","        338.35","        338.05","        340.22","    7870400","          2677634023.00","      90210"
"YESBANK","EQ","30-May-2018","        338.05","        335.75","        344.00","        332.65","        343.90","        343.15","        340.26","   10036644","          3415067375.40","     118387"
"YESBANK","EQ","31-May-2018","        343.15","        345.40","        349.40","        338.00","        346.35","        346.20","        343.67","   17910411","          6155329938.40","     170815"
"YESBANK","EQ","01-Jun-2018","        346.20","        347.00","        348.70","        340.25","        342.65","        342.70","        343.89","    9470256","          3256722182.85","     108594"
"YESBANK","EQ","04-Jun-2018","        342.70","        343.90","        350.90","        342.00","        343.00","        342.95","        346.17","   14501600","          5020037022.75","     140585"
"YESBANK","EQ","05-Jun-2018","        342.95","        342.50","        342.75","        333.65","        336.75","        336.75","        337.10","    8492155","          2862703318.90","      87287"
"YESBANK","EQ","06-Jun-2018","        336.75","        337.95","        340.55","        332.55","        339.00","        339.15","        337.05","    8211104","          2767537944.35","     105210"
"YESBANK","EQ","07-Jun-2018","        339.15","        341.20","        345.50","        338.00","        339.50","        339.55","        342.70","    9630695","          3300459990.60","      87353"
"YESBANK","EQ","08-Jun-2018","        339.55","        337.50","        340.25","        335.05","        337.90","        337.65","        337.37","    5851442","          1974107335.65","      58491"
"YESBANK","EQ","11-Jun-2018","        337.65","        338.60","        344.85","        334.70","        335.40","        335.70","        339.31","   11980621","          4065150524.25","      95201"
"YESBANK","EQ","12-Jun-2018","        335.70","        335.70","        337.95","        331.20","        333.40","        332.20","        334.14","    9851496","          3291783494.60","      82574"
"YESBANK","EQ","13-Jun-2018","        332.20","        336.90","        336.90","        331.50","        333.05","        333.20","        333.89","    7530350","          2514343126.20","      69858"
"YESBANK","EQ","14-Jun-2018","        333.20","        333.00","        338.35","        330.55","        336.50","        337.20","        335.03","    6819965","          2284868985.95","      59688"
"YESBANK","EQ","15-Jun-2018","        337.20","        333.00","        336.20","        328.65","        331.25","        330.65","        331.83","    8518379","          2826657345.25","     117709"
"YESBANK","EQ","18-Jun-2018","        330.65","        330.80","        333.85","        327.70","        331.60","        331.65","        331.47","    6785348","          2249127125.55","      86256"
"YESBANK","EQ","19-Jun-2018","        331.65","        330.95","        334.50","        328.50","        330.90","        330.90","        331.57","    8566372","          2840390692.95","      81995"
"YESBANK","EQ","20-Jun-2018","        330.90","        331.90","        337.00","        331.40","        335.60","        336.10","        335.12","    7720519","          2587300700.15","      86050"
"YESBANK","EQ","21-Jun-2018","        336.10","        336.80","        337.60","        331.20","        333.20","        332.95","        334.13","    5133865","          1715360336.60","      68151"
"YESBANK","EQ","22-Jun-2018","        332.95","        333.60","        335.70","        329.50","        334.75","        335.10","        332.49","    6006046","          1996954585.15","      77611"
"YESBANK","EQ","25-Jun-2018","        335.10","        334.75","        338.95","        332.90","        333.30","        334.15","        336.04","    5792052","          1946346790.55","      69200"
"YESBANK","EQ","26-Jun-2018","        334.15","        333.10","        337.75","        332.05","        335.60","        335.95","        335.40","    4706265","          1578489111.50","      51633"
"YESBANK","EQ","27-Jun-2018","        335.95","        336.00","        337.75","        331.05","        334.40","        335.60","        334.57","    6930662","          2318785094.85","      81792"
"YESBANK","EQ","28-Jun-2018","        335.60","        336.40","        336.40","        327.30","        329.05","        329.30","        330.86","    8130250","          2689940923.30","     102709"
"YESBANK","EQ","29-Jun-2018","        329.30","        330.70","        341.75","        329.65","        339.20","        339.65","        336.86","    8963268","          3019347593.85","      92493"
"YESBANK","EQ","02-Jul-2018","        339.65","        338.05","        341.70","        332.35","        337.00","        337.05","        336.02","    8091469","          2718906644.50","      91962"
"YESBANK","EQ","03-Jul-2018","        337.05","        337.70","        340.50","        335.30","        337.05","        336.90","        337.78","    4998778","          1688470106.45","      97773"
"YESBANK","EQ","04-Jul-2018","        336.90","        337.00","        337.50","        332.50","        335.60","        335.55","        334.77","    4507001","          1508830069.35","      56859"
"YESBANK","EQ","05-Jul-2018","        335.55","        338.75","        350.80","        338.60","        348.60","        348.65","        346.28","   21239763","          7354863367.50","     160360"
"YESBANK","EQ","06-Jul-2018","        348.65","        348.30","        357.70","        347.00","        351.65","        352.60","        353.52","   17790500","          6289284503.05","     166942"
"YESBANK","EQ","09-Jul-2018","        352.60","        356.10","        366.90","        355.00","        362.85","        363.30","        362.54","   16834621","          6103200032.80","     169220"
"YESBANK","EQ","10-Jul-2018","        363.30","        363.90","        373.10","        360.00","        372.90","        371.40","        367.88","   20404168","          7506299031.50","     195311"
"YESBANK","EQ","11-Jul-2018","        371.40","        370.95","        373.35","        367.45","        370.60","        371.60","        370.45","    9423127","          3490812189.20","     125244"
"YESBANK","EQ","12-Jul-2018","        371.60","        372.50","        385.00","        372.50","        373.50","        374.80","        379.74","   17868601","          6785499081.50","     154266"
"YESBANK","EQ","13-Jul-2018","        374.80","        376.90","        380.30","        367.30","        376.90","        376.00","        374.38","   15448753","          5783721815.80","     149378"
"YESBANK","EQ","16-Jul-2018","        376.00","        376.00","        380.80","        369.60","        379.80","        378.50","        374.02","    9093938","          3401270082.40","      94410"
"YESBANK","EQ","17-Jul-2018","        378.50","        377.90","        385.90","        375.60","        380.10","        380.80","        381.55","   12586691","          4802493399.45","     131505"
"YESBANK","EQ","18-Jul-2018","        380.80","        381.90","        388.00","        378.00","        384.50","        383.65","        383.63","   10472260","          4017440767.35","      93225"
"YESBANK","EQ","19-Jul-2018","        383.65","        380.95","        394.35","        379.40","        392.60","        392.30","        389.81","   17050256","          6646375416.45","     168264"
"YESBANK","EQ","20-Jul-2018","        392.30","        391.10","        392.50","        385.30","        386.25","        386.50","        388.36","   10076070","          3913158633.25","      98847"
"YESBANK","EQ","23-Jul-2018","        386.50","        387.90","        392.35","        382.75","        387.65","        386.60","        386.96","    9511403","          3680549576.20","      94405"
"YESBANK","EQ","24-Jul-2018","        386.60","        389.20","        390.00","        382.70","        384.35","        384.35","        385.36","    9785989","          3771134199.20","      88253"
"YESBANK","EQ","25-Jul-2018","        384.35","        386.00","        392.70","        381.50","        383.25","        382.90","        387.76","   12467278","          4834326478.40","     111673"
"YESBANK","EQ","26-Jul-2018","        382.90","        385.00","        386.30","        358.55","        367.45","        369.75","        373.06","   35251243","         13150936619.45","     294017"
"YESBANK","EQ","27-Jul-2018","        369.75","        374.90","        374.90","        362.40","        369.80","        370.00","        368.26","   17100821","          6297487528.70","     163915"
"YESBANK","EQ","30-Jul-2018","        370.00","        372.00","        373.00","        365.25","        369.50","        369.30","        369.18","   11469162","          4234232671.30","     176154"
"YESBANK","EQ","31-Jul-2018","        369.30","        370.00","        374.70","        366.40","        367.30","        367.95","        370.48","    9734450","          3606427688.40","      98886"
"YESBANK","EQ","01-Aug-2018","        367.95","        369.90","        371.55","        362.00","        364.05","        365.85","        365.70","    7742871","          2831550745.50","     105511"
"YESBANK","EQ","02-Aug-2018","        365.85","        364.95","        365.65","        356.65","        361.80","        361.80","        360.90","    8365895","          3019271960.75","      94009"
"YESBANK","EQ","03-Aug-2018","        361.80","        364.00","        374.00","        364.00","        373.05","        373.20","        370.79","   10625834","          3939952301.05","      96873"
"YESBANK","EQ","06-Aug-2018","        373.20","        374.00","        380.70","        373.45","        377.35","        377.90","        377.63","   12018227","          4538387840.80","     124181"
"YESBANK","EQ","07-Aug-2018","        377.90","        380.00","        386.40","        376.50","        381.30","        381.65","        381.84","   13526041","          5164819929.20","     133116"
"YESBANK","EQ","08-Aug-2018","        381.65","        382.60","        385.75","        379.55","        381.75","        382.75","        383.44","    6767532","          2594969398.00","      64913"
"YESBANK","EQ","09-Aug-2018","        382.75","        383.50","        384.70","        377.65","        380.90","        381.05","        380.58","    5854134","          2227988917.75","      63711"
"YESBANK","EQ","10-Aug-2018","        381.05","        382.00","        391.00","        381.00","        382.00","        382.85","        387.62","   13916077","          5394104779.70","     123555"
"YESBANK","EQ","13-Aug-2018","        382.85","        379.00","        383.00","        368.30","        369.00","        370.70","        375.67","    9205915","          3458374489.25","     115130"
"YESBANK","EQ","14-Aug-2018","        370.70","        369.00","        384.30","        368.15","        383.50","        382.50","        377.97","   12351125","          4668398776.65","      89048"
"YESBANK","EQ","16-Aug-2018","        382.50","        381.20","        384.85","        374.20","        378.95","        378.45","        380.23","   11567658","          4398356276.30","     131634"
"YESBANK","EQ","17-Aug-2018","        378.45","        382.40","        395.65","        380.30","        394.75","        393.20","        389.55","   16094026","          6269431740.40","     160736"
"YESBANK","EQ","20-Aug-2018","        393.20","        396.80","        404.00","        392.55","        394.00","        394.00","        398.73","   15247130","          6079520894.00","     167906"
"YESBANK","EQ","21-Aug-2018","        394.00","        396.00","        397.45","        389.50","        392.00","        391.35","        392.67","    9991245","          3923219896.70","     168597"
"YESBANK","EQ","23-Aug-2018","        391.35","        395.25","        395.50","        383.35","        390.70","        388.60","        388.74","    9262319","          3600660670.20","     121268"
"YESBANK","EQ","24-Aug-2018","        388.60","        387.00","        388.70","        372.85","        374.05","        374.20","        378.84","   16301075","          6175554482.50","     151303"
"YESBANK","EQ","27-Aug-2018","        374.20","        378.00","        384.65","        377.00","        383.35","        383.00","        382.35","    9563369","          3656564791.65","     111846"
"YESBANK","EQ","28-Aug-2018","        383.00","        386.00","        386.00","        362.80","        370.60","        370.60","        371.57","   26309238","          9775748804.30","     239042"
"YESBANK","EQ","29-Aug-2018","        370.60","        373.65","        378.55","        362.00","        366.00","        365.15","        370.75","   30544751","         11324370673.10","     253230"
"YESBANK","EQ","30-Aug-2018","        365.15","        369.00","        369.00","        358.00","        360.90","        361.75","        361.21","   28157288","         10170595010.45","     234365"
"YESBANK","EQ","31-Aug-2018","        361.75","        343.00","        350.00","        336.25","        343.00","        343.50","        343.58","   84019022","         28867093573.45","     756758"
"YESBANK","EQ","03-Sep-2018","        343.50","        347.95","        348.00","        337.20","        338.30","        339.05","        343.21","   26137760","          8970860648.65","     231131"
"YESBANK","EQ","04-Sep-2018","        339.05","        340.75","        343.40","        332.55","        333.50","        334.05","        337.27","   22057643","          7439453003.70","     205971"
"YESBANK","EQ","05-Sep-2018","        334.05","        332.90","        344.90","        332.25","        344.05","        343.80","        339.18","   24809578","          8414837234.45","     200611"
"YESBANK","EQ","06-Sep-2018","        343.80","        346.55","        347.80","        337.90","        339.10","        339.20","        342.40","   17527530","          6001339480.75","     141838"
"YESBANK","EQ","07-Sep-2018","        339.20","        341.00","        341.05","        321.80","        323.65","        323.40","        327.42","   48830425","         15987938255.95","     419207"
"YESBANK","EQ","10-Sep-2018","        323.40","        323.65","        328.90","        316.00","        322.95","        323.65","        323.55","   43295622","         14008177104.80","     356509"
"YESBANK","EQ","11-Sep-2018","        323.65","        326.00","        327.85","        314.60","        316.00","        316.60","        321.37","   28553718","          9176333805.00","     221735"
"YESBANK","EQ","12-Sep-2018","        316.60","        318.00","        319.95","        310.60","        314.00","        314.30","        314.77","   26121445","          8222260588.30","     200641"
"YESBANK","EQ","14-Sep-2018","        314.30","        318.50","        328.50","        316.70","        322.40","        323.10","        324.08","   36624891","         11869215488.55","     256299"
"YESBANK","EQ","17-Sep-2018","        323.10","        317.50","        321.85","        315.95","        317.50","        318.60","        319.03","   18554055","          5919221302.95","     138363"
"YESBANK","EQ","18-Sep-2018","        318.60","        319.35","        328.95","        319.10","        324.60","        323.55","        325.02","   30243505","          9829705223.85","     224102"
"YESBANK","EQ","19-Sep-2018","        323.55","        326.00","        328.75","        318.05","        318.60","        319.20","        322.56","   16185496","          5220812878.40","     138437"
"YESBANK","EQ","21-Sep-2018","        319.20","        287.30","        287.30","        218.10","        225.15","        226.50","        245.70","  293552756","         72127234027.15","    1788274"
"YESBANK","EQ","24-Sep-2018","        226.50","        236.50","        237.50","        215.85","        225.75","        226.40","        227.37","  105701372","         24033794384.25","     685460"
"YESBANK","EQ","25-Sep-2018","        226.40","        230.00","        238.85","        197.25","        220.50","        219.70","        223.09","  110217421","         24588772625.05","     832786"
"YESBANK","EQ","26-Sep-2018","        219.70","        223.00","        229.80","        217.00","        223.70","        223.75","        224.65","   62814786","         14111350860.35","     451242"
"YESBANK","EQ","27-Sep-2018","        223.75","        226.00","        227.00","        202.05","        203.60","        203.25","        210.00","   91197198","         19150976725.90","     647010"
"YESBANK","EQ","28-Sep-2018","        203.25","        203.60","        204.00","        165.00","        184.10","        183.65","        184.54","  148654874","         27432929748.90","     957046"
"YESBANK","EQ","01-Oct-2018","        183.65","        180.00","        203.80","        170.60","        199.85","        200.85","        190.13","  130992623","         24906273973.80","     742369"
"YESBANK","EQ","03-Oct-2018","        200.85","        205.00","        222.95","        202.25","        212.15","        212.75","        214.85","   97945695","         21043941602.20","     595714"
"YESBANK","EQ","04-Oct-2018","        212.75","        209.40","        220.00","        205.05","        214.30","        215.00","        214.30","   65604016","         14059052703.90","     425632"
"YESBANK","EQ","05-Oct-2018","        215.00","        215.00","        218.50","        203.10","        203.95","        206.00","        211.70","   40546788","          8583565105.80","     334113"
"YESBANK","EQ","08-Oct-2018","        206.00","        210.00","        226.60","        207.40","        221.75","        221.20","        217.70","   62349640","         13573279169.25","     445735"
"YESBANK","EQ","09-Oct-2018","        221.20","        225.50","        233.80","        222.60","        225.45","        224.65","        228.61","   49480210","         11311479371.40","     362570"
"YESBANK","EQ","10-Oct-2018","        224.65","        229.00","        237.00","        219.40","        234.85","        233.90","        230.05","   52351177","         12043211872.90","     376406"
"YESBANK","EQ","11-Oct-2018","        233.90","        222.00","        268.95","        216.65","        241.00","        240.20","        243.53","   94679663","         23057029949.25","     665099"
"YESBANK","EQ","12-Oct-2018","        240.20","        247.00","        254.40","        244.50","        245.65","        246.45","        248.69","   43535321","         10826756895.50","     308158"
"YESBANK","EQ","15-Oct-2018","        246.45","        248.95","        250.60","        241.55","        246.35","        246.00","        246.14","   24694397","          6078336640.30","     190917"
"YESBANK","EQ","16-Oct-2018","        246.00","        247.00","        251.40","        245.60","        249.25","        248.90","        248.66","   18099074","          4500445413.65","     142759"
"YESBANK","EQ","17-Oct-2018","        248.90","        252.50","        254.85","        228.50","        233.00","        231.90","        237.20","   37767849","          8958572576.75","     325820"
"YESBANK","EQ","19-Oct-2018","        231.90","        225.00","        230.55","        213.00","        219.35","        217.90","        219.32","   50336402","         11039920621.20","     371039"
"YESBANK","EQ","22-Oct-2018","        217.90","        221.00","        222.35","        208.50","        213.10","        211.50","        212.81","   33633639","          7157469965.45","     276577"
"YESBANK","EQ","23-Oct-2018","        211.50","        209.00","        216.70","        206.50","        215.10","        213.20","        212.47","   28293781","          6011594104.75","     207533"
"YESBANK","EQ","24-Oct-2018","        213.20","        217.50","        220.00","        202.00","        204.35","        204.00","        208.49","   38009322","          7924414361.45","     289516"
"YESBANK","EQ","25-Oct-2018","        204.00","        202.60","        207.50","        195.00","        198.95","        198.35","        201.39","   59170164","         11916016396.80","     434892"
"YESBANK","EQ","26-Oct-2018","        198.35","        178.55","        191.65","        168.60","        181.20","        180.70","        185.13","   95760078","         17728004758.10","     573048"
"YESBANK","EQ","29-Oct-2018","        180.70","        185.00","        185.90","        174.75","        180.80","        181.30","        179.44","   52331613","          9390200473.30","     390848"
"YESBANK","EQ","30-Oct-2018","        181.30","        182.00","        189.90","        180.65","        182.60","        182.05","        184.67","   43428186","          8020083285.70","     298464"
"YESBANK","EQ","31-Oct-2018","        182.05","        185.00","        189.50","        179.65","        188.35","        188.10","        184.51","   53264490","          9828071686.70","     333341"
"YESBANK","EQ","01-Nov-2018","        188.10","        192.00","        205.75","        189.05","        205.60","        204.05","        199.88","   69202992","         13832375277.25","     463212"
"YESBANK","EQ","02-Nov-2018","        204.05","        212.75","        215.90","        207.65","        209.00","        209.10","        212.29","   51686587","         10972331018.00","     387175"
"YESBANK","EQ","05-Nov-2018","        209.10","        209.00","        212.35","        206.10","        210.80","        210.10","        209.41","   21134350","          4425803976.80","     152861"
"YESBANK","EQ","06-Nov-2018","        210.10","        212.25","        217.90","        211.00","        214.70","        214.45","        214.75","   26924066","          5781996721.65","     182161"
"YESBANK","EQ","07-Nov-2018","        214.45","        217.45","        218.00","        215.50","        215.80","        215.95","        216.24","    3962712","           856904643.00","      45649"
"YESBANK","EQ","09-Nov-2018","        215.95","        214.00","        229.40","        213.20","        227.55","        227.90","        223.71","   40754087","          9117074690.05","     316481"
"YESBANK","EQ","12-Nov-2018","        227.90","        230.00","        230.85","        221.10","        222.40","        223.05","        224.89","   29069172","          6537241558.05","     215991"
"YESBANK","EQ","13-Nov-2018","        223.05","        222.00","        226.85","        220.00","        225.20","        225.45","        224.11","   19014119","          4261300974.25","     153930"
"YESBANK","EQ","14-Nov-2018","        225.45","        226.90","        229.00","        221.00","        222.05","        222.40","        224.85","   19780790","          4447770416.85","     151351"
"YESBANK","EQ","15-Nov-2018","        222.40","        215.00","        217.95","        202.25","        205.90","        205.85","        207.43","   60944632","         12641444551.85","     451001"
"YESBANK","EQ","16-Nov-2018","        205.85","        201.75","        201.75","        187.80","        192.50","        191.00","        192.51","   88101871","         16960170237.65","     618873"
"YESBANK","EQ","19-Nov-2018","        191.00","        198.10","        205.95","        194.35","        205.95","        204.80","        202.04","   64329717","         12997495138.05","     460369"
"YESBANK","EQ","20-Nov-2018","        204.80","        198.00","        199.75","        191.00","        192.50","        192.10","        194.46","   77354754","         15042043360.40","     485357"
"YESBANK","EQ","21-Nov-2018","        192.10","        196.10","        200.80","        194.60","        198.40","        198.15","        197.98","   47627190","          9429019338.70","     268166"
"YESBANK","EQ","22-Nov-2018","        198.15","        200.00","        203.85","        194.65","        195.65","        195.55","        199.48","   44350629","          8847030430.95","     293570"
"YESBANK","EQ","26-Nov-2018","        195.55","        189.00","        191.95","        182.20","        191.70","        187.90","        185.95","   60418383","         11234608917.00","     438924"
"YESBANK","EQ","27-Nov-2018","        187.90","        193.00","        193.80","        180.35","        182.20","        182.65","        187.14","   70065939","         13111993598.55","     445480"
"YESBANK","EQ","28-Nov-2018","        182.65","        180.40","        181.00","        160.30","        162.00","        162.10","        169.54","  140720495","         23857832760.85","     960213"
"YESBANK","EQ","29-Nov-2018","        162.10","        157.05","        167.00","        146.75","        161.05","        160.45","        156.44","  292043464","         45687502348.00","    1451205"
"YESBANK","EQ","30-Nov-2018","        160.45","        164.00","        171.35","        160.45","        170.50","        169.80","        168.47","  120153166","         20241971291.80","     654978"
"YESBANK","EQ","03-Dec-2018","        169.80","        174.00","        179.50","        165.30","        178.15","        178.00","        173.13","  104720593","         18130631913.10","     555222"
"YESBANK","EQ","04-Dec-2018","        178.00","        180.35","        182.45","        175.25","        175.95","        176.50","        178.80","   68038860","         12165680662.90","     376738"
"YESBANK","EQ","05-Dec-2018","        176.50","        173.50","        178.45","        172.20","        173.10","        173.40","        174.93","   52289539","          9147266048.85","     280967"
"YESBANK","EQ","06-Dec-2018","        173.40","        169.00","        172.50","        167.35","        168.35","        168.45","        169.78","   38867660","          6598951586.45","     246580"
"YESBANK","EQ","07-Dec-2018","        168.45","        170.00","        172.00","        162.00","        166.40","        166.20","        166.32","   49750931","          8274492924.65","     269924"
"YESBANK","EQ","10-Dec-2018","        166.20","        162.00","        169.50","        160.00","        164.95","        165.65","        164.78","   50379613","          8301577357.45","     300127"
"YESBANK","EQ","11-Dec-2018","        165.65","        164.50","        179.85","        163.80","        179.05","        177.85","        173.81","   85103084","         14791717219.30","     439447"
"YESBANK","EQ","12-Dec-2018","        177.85","        182.00","        187.50","        181.55","        186.50","        186.60","        185.28","   71832334","         13308892725.65","     366696"
"YESBANK","EQ","13-Dec-2018","        186.60","        193.00","        193.20","        172.30","        174.80","        174.70","        184.21","  108920029","         20064265037.05","     584444"
"YESBANK","EQ","14-Dec-2018","        174.70","        172.70","        181.60","        168.25","        179.70","        180.35","        176.70","   79566067","         14058969420.95","     430845"
"YESBANK","EQ","17-Dec-2018","        180.35","        183.25","        184.45","        179.45","        180.50","        181.00","        181.93","   35269769","          6416710452.45","     195137"
"YESBANK","EQ","18-Dec-2018","        181.00","        180.00","        180.90","        176.75","        178.75","        179.00","        178.88","   35729865","          6391378059.05","     195583"
"YESBANK","EQ","19-Dec-2018","        179.00","        180.50","        183.15","        178.60","        179.15","        179.55","        180.60","   40247602","          7268780060.10","     242431"
"YESBANK","EQ","20-Dec-2018","        179.55","        179.00","        187.60","        178.00","        186.80","        186.75","        184.94","   61970822","         11461081957.60","     332868"
"YESBANK","EQ","21-Dec-2018","        186.75","        188.00","        188.45","        180.85","        183.15","        182.95","        184.05","   40864241","          7521192849.65","     215052"
"YESBANK","EQ","24-Dec-2018","        182.95","        184.00","        185.50","        181.25","        182.35","        182.30","        183.34","   32861722","          6024710111.70","     161745"
"YESBANK","EQ","26-Dec-2018","        182.30","        182.50","        182.65","        174.25","        179.50","        179.45","        177.77","   47421246","          8429891463.55","     269345"
"YESBANK","EQ","27-Dec-2018","        179.45","        183.00","        183.45","        177.05","        178.70","        178.10","        180.22","   44303877","          7984279618.40","     192334"
"YESBANK","EQ","28-Dec-2018","        178.10","        180.00","        183.30","        180.00","        181.65","        181.45","        181.96","   27142501","          4938726751.90","     142436"
"YESBANK","EQ","31-Dec-2018","        181.45","        183.20","        183.85","        181.00","        181.90","        181.80","        181.95","   18970865","          3451688489.90","     105371"
"YESBANK","EQ","01-Jan-2019","        181.80","        182.60","        185.90","        181.00","        184.40","        184.25","        184.04","   24160878","          4446548544.40","     128819"
"YESBANK","EQ","02-Jan-2019","        184.25","        183.45","        187.00","        182.50","        184.60","        184.65","        185.20","   32583205","          6034297945.05","     158991"
"YESBANK","EQ","03-Jan-2019","        184.65","        185.25","        186.00","        183.50","        184.30","        184.10","        184.53","   20239949","          3734965517.05","     102751"
"YESBANK","EQ","04-Jan-2019","        184.10","        184.85","        190.30","        181.55","        190.00","        189.65","        186.71","   45914917","          8572595367.90","     224066"
"YESBANK","EQ","07-Jan-2019","        189.65","        193.90","        194.40","        185.80","        186.55","        187.15","        190.49","   40515242","          7717769611.75","     215186"
"YESBANK","EQ","08-Jan-2019","        187.15","        188.00","        193.20","        185.00","        191.80","        192.35","        190.14","   40559174","          7711815846.35","     233064"
"YESBANK","EQ","09-Jan-2019","        192.35","        193.95","        193.95","        181.50","        186.55","        186.45","        188.64","   63673200","         12011060866.75","     352457"
"YESBANK","EQ","10-Jan-2019","        186.45","        188.00","        188.90","        184.20","        187.90","        186.90","        186.41","   36296992","          6766271330.10","     204708"
"YESBANK","EQ","11-Jan-2019","        186.90","        188.70","        189.90","        182.75","        183.40","        184.25","        185.63","   33594786","          6236324874.20","     164656"
"YESBANK","EQ","14-Jan-2019","        184.25","        185.00","        198.00","        182.30","        195.00","        195.35","        192.96","   98089778","         18927093181.20","     489797"
"YESBANK","EQ","15-Jan-2019","        195.35","        196.60","        205.00","        196.10","        203.30","        203.00","        202.35","   82308056","         16654713564.45","     419455"
"YESBANK","EQ","16-Jan-2019","        203.00","        204.80","        209.15","        203.50","        207.80","        208.35","        206.07","   58015710","         11955441178.90","     266651"
"YESBANK","EQ","17-Jan-2019","        208.35","        209.25","        209.55","        200.25","        200.65","        201.50","        203.80","   60534702","         12337127690.70","     293680"
"YESBANK","EQ","18-Jan-2019","        201.50","        202.00","        203.05","        196.20","        198.95","        198.60","        199.21","   41858021","          8338654433.60","     235546"
"YESBANK","EQ","21-Jan-2019","        198.60","        199.30","        200.50","        190.70","        191.20","        191.95","        195.77","   37304992","          7303212661.80","     206900"
"YESBANK","EQ","22-Jan-2019","        191.95","        191.50","        193.80","        187.40","        193.55","        192.20","        191.09","   38382360","          7334418921.70","     235809"
"YESBANK","EQ","23-Jan-2019","        192.20","        194.50","        199.50","        193.65","        197.25","        197.25","        196.73","   46394304","          9126954064.90","     243281"
"YESBANK","EQ","24-Jan-2019","        197.25","        199.00","        235.00","        189.00","        225.50","        215.40","        210.47","  127603904","         26856567120.00","     604076"
"YESBANK","EQ","25-Jan-2019","        215.40","        225.00","        245.00","        218.00","        219.95","        219.60","        227.75","  183425643","         41774766072.75","     955891"
"YESBANK","EQ","28-Jan-2019","        219.60","        222.45","        223.00","        206.10","        208.00","        207.50","        211.86","   58015753","         12291018719.45","     331260"
"YESBANK","EQ","29-Jan-2019","        207.50","        207.00","        209.45","        195.70","        205.50","        202.90","        202.44","   76651017","         15517133462.50","     396905"
"YESBANK","EQ","30-Jan-2019","        202.90","        211.00","        212.00","        198.30","        199.35","        199.50","        203.09","   65312137","         13264028321.45","     381216"
"YESBANK","EQ","31-Jan-2019","        199.50","        202.00","        202.45","        190.15","        194.00","        194.10","        195.15","   67794993","         13230334262.45","     371602"
"YESBANK","EQ","01-Feb-2019","        194.10","        195.90","        197.20","        181.25","        185.30","        185.60","        190.00","   66597684","         12653480304.60","     411460"
"YESBANK","EQ","04-Feb-2019","        185.60","        184.25","        184.70","        175.60","        179.40","        179.80","        180.41","   60771732","         10963806269.10","     365522"
"YESBANK","EQ","05-Feb-2019","        179.80","        179.80","        183.50","        175.00","        175.85","        176.10","        179.63","   44477885","          7989423837.75","     291755"
"YESBANK","EQ","06-Feb-2019","        176.10","        178.90","        178.95","        173.00","        177.10","        176.45","        175.86","   45391450","          7982416064.10","     273502"
"YESBANK","EQ","07-Feb-2019","        176.45","        177.10","        181.80","        175.25","        177.05","        176.95","        178.98","   44494971","          7963525933.40","     241749"
"YESBANK","EQ","08-Feb-2019","        176.95","        177.00","        178.50","        173.25","        175.10","        175.10","        175.96","   32561739","          5729414776.35","     178704"
"YESBANK","EQ","11-Feb-2019","        175.10","        175.10","        176.00","        170.10","        173.00","        173.25","        172.91","   29509227","          5102339820.70","     175983"
"YESBANK","EQ","12-Feb-2019","        173.25","        173.00","        176.25","        172.10","        172.65","        172.65","        174.42","   22298518","          3889327345.40","     150872"
"YESBANK","EQ","13-Feb-2019","        172.65","        173.95","        174.70","        168.10","        168.70","        169.45","        171.11","   26229114","          4488141709.75","     171541"
"YESBANK","EQ","14-Feb-2019","        169.45","        186.35","        224.00","        186.35","        222.60","        221.25","        211.14","  264725005","         55893855220.15","    1276162"
"YESBANK","EQ","15-Feb-2019","        221.25","        226.90","        226.90","        211.30","        217.45","        219.00","        218.86","  141193124","         30900928345.50","     713092"
"YESBANK","EQ","18-Feb-2019","        219.00","        201.00","        216.70","        201.00","        214.00","        213.55","        212.11","   89969426","         19083708450.35","     484527"
"YESBANK","EQ","19-Feb-2019","        213.55","        215.10","        218.10","        211.55","        213.50","        212.85","        214.18","   33990276","          7279944307.00","     177252"
"YESBANK","EQ","20-Feb-2019","        212.85","        216.90","        219.80","        213.35","        216.95","        217.85","        216.38","   48429455","         10479353481.45","     229446"
"YESBANK","EQ","21-Feb-2019","        217.85","        218.85","        218.85","        214.00","        215.50","        215.15","        215.42","   27975632","          6026410218.15","     151900"
"YESBANK","EQ","22-Feb-2019","        215.15","        214.50","        223.70","        213.10","        221.30","        222.00","        220.47","   51329944","         11316616538.60","     266455"
"YESBANK","EQ","25-Feb-2019","        222.00","        223.85","        230.60","        221.20","        227.80","        229.10","        226.00","   47825222","         10808707381.50","     277705"
"YESBANK","EQ","26-Feb-2019","        229.10","        223.20","        234.45","        220.10","        230.55","        229.50","        227.75","   84298892","         19198841396.20","     409115"
"YESBANK","EQ","27-Feb-2019","        229.50","        233.00","        236.80","        223.65","        227.60","        228.20","        230.59","   74650022","         17213855464.50","     375158"
"YESBANK","EQ","28-Feb-2019","        228.20","        230.00","        232.75","        226.80","        232.20","        231.15","        230.31","   45753501","         10537678830.65","     222394"
"YESBANK","EQ","01-Mar-2019","        231.15","        234.90","        238.50","        234.10","        236.90","        237.60","        236.50","   42006406","          9934369733.35","     242688"
"YESBANK","EQ","05-Mar-2019","        237.60","        236.00","        240.75","        234.50","        237.10","        237.45","        238.33","   30848699","          7352071912.80","     208235"
"YESBANK","EQ","06-Mar-2019","        237.45","        238.10","        240.65","        232.95","        235.05","        235.30","        236.42","   24658589","          5829878603.85","     139472"
"YESBANK","EQ","07-Mar-2019","        235.30","        235.50","        236.00","        228.65","        231.85","        231.70","        231.84","   27229610","          6312997590.15","     175313"
"YESBANK","EQ","08-Mar-2019","        231.70","        231.70","        234.90","        229.50","        231.70","        232.30","        232.51","   23233663","          5402123790.60","     144107"
"YESBANK","EQ","11-Mar-2019","        232.30","        233.00","        238.00","        231.60","        237.15","        236.30","        235.90","   21189817","          4998738945.95","     117027"
"YESBANK","EQ","12-Mar-2019","        236.30","        238.00","        239.20","        235.00","        235.10","        235.85","        237.14","   22100817","          5240964073.05","     135948"
"YESBANK","EQ","13-Mar-2019","        235.85","        236.00","        247.60","        232.70","        244.25","        244.30","        242.07","   58883298","         14254119799.40","     307346"
"YESBANK","EQ","14-Mar-2019","        244.30","        248.00","        254.00","        246.15","        250.15","        249.85","        250.85","   59684202","         14971775478.60","     330601"
"YESBANK","EQ","15-Mar-2019","        249.85","        251.70","        252.80","        243.50","        245.05","        245.05","        247.39","   38715468","          9577921922.20","     206568"
"YESBANK","EQ","18-Mar-2019","        245.05","        247.00","        248.55","        241.80","        246.80","        245.95","        245.24","   24825632","          6088215385.80","     137716"
"YESBANK","EQ","19-Mar-2019","        245.95","        246.65","        250.50","        245.00","        249.35","        248.80","        248.34","   21448040","          5326320590.75","     144647"
"YESBANK","EQ","20-Mar-2019","        248.80","        248.75","        253.00","        246.40","        252.55","        252.15","        250.44","   26817389","          6716203895.80","     152824"
"YESBANK","BL","22-Mar-2019","        798.65","        252.15","        252.15","        252.15","        252.15","        252.15","        252.15","     945027","           238288558.05","          1"
"YESBANK","EQ","22-Mar-2019","        252.15","        253.00","        257.50","        250.35","        252.35","        252.60","        254.90","   34018752","          8671291256.25","     217734"
"YESBANK","EQ","25-Mar-2019","        252.60","        250.00","        250.40","        246.10","        247.40","        247.25","        247.98","   23540100","          5837533455.85","     132660"
"YESBANK","EQ","26-Mar-2019","        247.25","        247.50","        254.80","        247.45","        254.65","        253.70","        250.76","   20571726","          5158625314.95","     137338"
"YESBANK","EQ","27-Mar-2019","        253.70","        258.40","        269.85","        256.10","        268.60","        268.45","        264.48","   84155309","         22257432767.85","     468840"
"YESBANK","EQ","28-Mar-2019","        268.45","        270.65","        277.70","        268.30","        275.10","        276.10","        273.61","   48078072","         13154808424.95","     279312"
"YESBANK","EQ","29-Mar-2019","        276.10","        277.90","        281.50","        273.55","        274.50","        275.10","        278.23","   35855963","          9976124280.15","     226085"
"YESBANK","EQ","01-Apr-2019","        275.10","        276.00","        280.00","        273.80","        276.05","        275.90","        276.50","   27807546","          7688833851.65","     212387"
"YESBANK","EQ","02-Apr-2019","        275.90","        278.20","        282.05","        274.80","        282.00","        280.30","        278.16","   24708930","          6872916293.50","     182039"
"YESBANK","EQ","03-Apr-2019","        280.30","        283.50","        286.00","        272.20","        274.00","        273.70","        280.03","   31808834","          8907470186.50","     197853"
"YESBANK","EQ","04-Apr-2019","        273.70","        274.00","        275.00","        265.00","        268.30","        268.05","        268.73","   42003554","         11287544202.75","     260005"
"YESBANK","EQ","05-Apr-2019","        268.05","        270.00","        274.00","        264.25","        266.50","        266.85","        268.91","   28319923","          7615558714.15","     210219"
"YESBANK","EQ","08-Apr-2019","        266.85","        267.10","        268.10","        258.25","        260.70","        260.05","        263.18","   26252469","          6909161461.60","     162747"
"YESBANK","EQ","09-Apr-2019","        260.05","        261.90","        272.00","        258.70","        271.75","        270.60","        265.92","   39195173","         10422593057.95","     272721"
"YESBANK","EQ","10-Apr-2019","        270.60","        272.00","        275.45","        267.50","        268.55","        268.25","        271.29","   32016249","          8685562271.40","     203798"
"YESBANK","EQ","11-Apr-2019","        268.25","        268.75","        270.25","        264.00","        270.10","        269.05","        267.10","   20363799","          5439076351.50","     141611"
"YESBANK","EQ","12-Apr-2019","        269.05","        269.70","        271.90","        265.80","        267.50","        267.90","        268.28","   21736271","          5831419340.80","     120534"
"YESBANK","EQ","15-Apr-2019","        267.90","        268.45","        269.90","        264.80","        265.80","        265.50","        267.16","   13509220","          3609076620.35","     114555"
"YESBANK","EQ","16-Apr-2019","        265.50","        267.55","        269.20","        265.00","        265.90","        266.45","        266.89","   16368625","          4368568536.40","     131574"
"YESBANK","EQ","18-Apr-2019","        266.45","        266.40","        267.95","        254.05","        255.55","        255.80","        258.33","   32491440","          8393396382.95","     207697"
"YESBANK","EQ","22-Apr-2019","        255.80","        253.95","        254.40","        237.00","        238.10","        238.35","        244.15","   37467080","          9147704435.55","     270895"
"YESBANK","EQ","23-Apr-2019","        238.35","        239.00","        244.65","        230.50","        231.00","        232.70","        239.28","   43232834","         10344908884.20","     275123"
"YESBANK","EQ","24-Apr-2019","        232.70","        233.00","        240.40","        231.20","        238.55","        239.15","        235.33","   38516951","          9064024329.80","     231797"
"YESBANK","EQ","25-Apr-2019","        239.15","        241.00","        250.40","        236.05","        237.25","        237.05","        243.05","   71641179","         17412045875.10","     376119"
"YESBANK","EQ","26-Apr-2019","        237.05","        239.90","        240.35","        232.10","        237.80","        237.20","        236.90","   48524121","         11495237090.05","     287440"
"YESBANK","EQ","30-Apr-2019","        237.20","        213.50","        213.50","        165.60","        166.75","        168.00","        173.06","  217219923","         37591603607.15","    1295397"
"YESBANK","EQ","02-May-2019","        168.00","        162.00","        178.00","        160.00","        174.00","        173.75","        172.73","  124177861","         21449413190.15","     712195"
"YESBANK","EQ","03-May-2019","        173.75","        177.00","        177.80","        169.70","        175.80","        175.90","        175.25","   58953903","         10331889494.00","     359177"
"YESBANK","EQ","06-May-2019","        175.90","        168.05","        171.90","        165.50","        167.00","        166.25","        168.49","   49500412","          8340192455.80","     323943"
"YESBANK","EQ","07-May-2019","        166.25","        169.00","        169.95","        163.65","        165.05","        164.75","        166.27","   40446604","          6724918865.25","     262090"
"YESBANK","EQ","08-May-2019","        164.75","        165.00","        166.50","        160.00","        161.40","        160.75","        162.27","   47387735","          7689614783.10","     289614"
"YESBANK","EQ","09-May-2019","        160.75","        158.00","        171.40","        156.50","        171.15","        170.30","        166.41","   88653903","         14753106734.60","     480980"
"YESBANK","EQ","10-May-2019","        170.30","        172.75","        174.25","        162.80","        164.40","        163.85","        168.46","   62257935","         10487949460.55","     385975"
"YESBANK","EQ","13-May-2019","        163.85","        164.90","        165.45","        154.00","        155.75","        154.70","        158.14","   60884255","          9628387984.40","     391341"
"YESBANK","EQ","14-May-2019","        154.70","        155.10","        158.90","        151.40","        156.95","        155.85","        155.02","   62642515","          9710736222.80","     343315"
"YESBANK","EQ","15-May-2019","        155.85","        154.20","        154.30","        141.80","        142.35","        142.95","        147.81","   95899314","         14174778342.90","     613726"
"YESBANK","EQ","16-May-2019","        142.95","        144.00","        145.90","        134.65","        138.20","        137.75","        139.43","   82730883","         11534775644.90","     499885"
"YESBANK","EQ","17-May-2019","        137.75","        141.00","        146.00","        132.45","        134.10","        134.15","        139.28","  117940438","         16427042108.45","     635680"
"YESBANK","EQ","20-May-2019","        134.15","        142.50","        144.90","        137.00","        143.70","        143.55","        141.44","   82205265","         11626794197.55","     425481"
"YESBANK","EQ","21-May-2019","        143.55","        145.00","        145.00","        138.50","        141.10","        141.00","        140.82","   59499614","          8378474710.80","     290808"
"YESBANK","EQ","22-May-2019","        141.00","        141.00","        141.25","        135.50","        138.90","        137.55","        137.79","   58669730","          8084163639.60","     334323"
"YESBANK","EQ","23-May-2019","        137.55","        143.90","        150.80","        138.75","        140.30","        139.75","        144.47","  111719246","         16140421284.20","     567175"
"YESBANK","EQ","24-May-2019","        139.75","        141.00","        142.90","        139.50","        141.10","        141.20","        141.06","   45274708","          6386361468.50","     243827"
"YESBANK","EQ","27-May-2019","        141.20","        142.00","        148.45","        140.85","        146.75","        146.80","        145.98","   67258367","          9818308858.00","     326661"
"YESBANK","EQ","28-May-2019","        146.80","        148.95","        154.90","        148.20","        153.40","        152.80","        152.40","   81670499","         12446919563.75","     434119"
"YESBANK","EQ","29-May-2019","        152.80","        154.00","        156.00","        150.65","        151.70","        151.70","        153.22","   49000782","          7507968182.95","     246452"
"YESBANK","EQ","30-May-2019","        151.70","        150.20","        156.50","        149.90","        155.25","        155.00","        154.16","   55475576","          8551856947.45","     262051"
"YESBANK","EQ","31-May-2019","        155.00","        156.60","        157.00","        147.00","        147.55","        147.80","        151.35","   63368992","          9590743956.70","     291783"
"YESBANK","EQ","03-Jun-2019","        147.80","        148.00","        149.90","        144.50","        149.50","        149.45","        147.92","   40272408","          5956895906.40","     213368"
"YESBANK","EQ","04-Jun-2019","        149.45","        148.80","        153.85","        148.55","        153.35","        152.80","        152.13","   45560540","          6930987753.85","     211449"
"YESBANK","EQ","06-Jun-2019","        152.80","        148.45","        151.20","        142.30","        143.85","        143.40","        146.84","   65169529","          9569569223.95","     328748"
"YESBANK","EQ","07-Jun-2019","        143.40","        143.40","        145.45","        136.15","        140.00","        139.90","        140.82","   66206668","          9322925263.65","     328918"
"YESBANK","EQ","10-Jun-2019","        139.90","        141.90","        145.00","        132.55","        136.50","        135.90","        137.32","   86398912","         11864166978.65","     422780"
"YESBANK","EQ","11-Jun-2019","        135.90","        135.00","        143.50","        133.75","        139.75","        139.55","        139.37","   80946657","         11281481783.70","     373154"
"YESBANK","EQ","12-Jun-2019","        139.55","        136.00","        137.80","        133.60","        135.10","        134.75","        135.29","   56236715","          7608120756.90","     295801"
"YESBANK","EQ","13-Jun-2019","        134.75","        130.80","        130.80","        116.00","        116.60","        117.10","        121.38","  197154833","         23931443078.15","     891767"
"YESBANK","EQ","14-Jun-2019","        117.10","        118.50","        121.00","        112.85","        114.65","        115.05","        116.42","  155169990","         18064208890.05","     630153"
"YESBANK","EQ","17-Jun-2019","        115.05","        118.00","        118.35","        113.75","        115.90","        116.15","        116.03","   84436078","          9797431507.05","     347747"
"YESBANK","EQ","18-Jun-2019","        116.15","        116.00","        117.50","        107.10","        109.25","        109.30","        112.35","  116604528","         13100546992.35","     482488"
"YESBANK","EQ","19-Jun-2019","        109.30","        109.00","        111.45","        101.30","        103.95","        103.20","        105.39","  126458237","         13327834091.20","     529303"
"YESBANK","EQ","20-Jun-2019","        103.20","        102.00","        115.90","         98.70","        115.00","        114.55","        108.11","  159393077","         17231630624.50","     603801"
"YESBANK","EQ","21-Jun-2019","        114.55","        114.55","        114.80","        108.25","        109.40","        109.60","        110.79","  106421502","         11790880189.80","     424333"
"YESBANK","EQ","24-Jun-2019","        109.60","        112.00","        114.00","        108.85","        111.40","        111.95","        111.57","   79695315","          8891713059.50","     317682"
"YESBANK","EQ","25-Jun-2019","        111.95","        111.00","        112.50","        109.10","        109.65","        110.05","        110.29","   56892279","          6274374406.60","     217623"
"YESBANK","EQ","26-Jun-2019","        110.05","        109.00","        114.65","        108.40","        112.35","        113.05","        112.10","   72879532","          8169645315.40","     264838"
"YESBANK","EQ","27-Jun-2019","        113.05","        113.05","        114.50","        111.80","        112.50","        112.40","        112.90","   51280994","          5789563456.65","     200990"
"YESBANK","EQ","28-Jun-2019","        112.40","        112.50","        113.00","        107.50","        108.50","        108.75","        109.58","   68854685","          7545434250.05","     271806"
"YESBANK","EQ","01-Jul-2019","        108.75","        109.50","        110.50","        107.65","        108.85","        109.15","        109.28","   42545442","          4649499516.60","     182598"
"YESBANK","EQ","02-Jul-2019","        109.15","        108.05","        108.05","         99.80","        100.10","        100.80","        102.62","  149669579","         15358704802.60","     567323"
"YESBANK","EQ","03-Jul-2019","        100.80","        100.75","        103.80","         98.85","         99.80","         99.75","        101.21","  112667717","         11403637039.40","     395027"
"YESBANK","EQ","04-Jul-2019","         99.75","        101.00","        102.15","         95.20","         96.70","         96.25","         98.59","  108105010","         10658359318.25","     393181"
"YESBANK","EQ","05-Jul-2019","         96.25","         95.00","         96.85","         87.40","         87.95","         88.15","         91.41","  220546903","         20160055229.05","     790884"
"YESBANK","EQ","08-Jul-2019","         88.15","         87.00","         94.60","         85.65","         93.35","         93.15","         92.11","  197675527","         18208429501.55","     622435"
"YESBANK","EQ","09-Jul-2019","         93.15","         95.00","         97.00","         90.30","         92.20","         91.35","         93.90","  137863884","         12945431453.55","     477366"
"YESBANK","EQ","10-Jul-2019","         91.35","         92.15","         94.00","         91.50","         93.25","         93.00","         92.92","   75776545","          7041254247.70","     257668"
"YESBANK","EQ","11-Jul-2019","         93.00","         94.00","         95.00","         90.70","         93.25","         92.45","         92.33","   73432269","          6779647929.50","     264582"
"YESBANK","EQ","12-Jul-2019","         92.45","         93.25","         94.85","         91.65","         94.35","         94.20","         93.42","   60702978","          5671071738.65","     213781"
"YESBANK","EQ","15-Jul-2019","         94.20","         95.00","         99.30","         92.55","         92.85","         93.20","         95.92","  126736904","         12156902250.10","     421595"
"YESBANK","EQ","16-Jul-2019","         93.20","         94.00","        106.50","         92.25","        106.25","        103.85","         99.89","  228682135","         22842876942.75","     736995"
"YESBANK","EQ","17-Jul-2019","        103.85","        108.50","        108.50","         97.55","         98.40","         98.40","        102.28","  238375009","         24380695382.95","     809538"
"YESBANK","EQ","18-Jul-2019","         98.40","         88.60","         90.25","         79.15","         85.90","         85.80","         87.16","  229258092","         19983167416.15","     822344"
"YESBANK","EQ","19-Jul-2019","         85.80","         86.00","         86.90","         82.60","         82.75","         83.25","         84.73","  145863654","         12359702339.80","     483706"
"YESBANK","EQ","22-Jul-2019","         83.25","         83.30","         92.50","         81.70","         91.15","         91.15","         88.45","  208758719","         18463966354.95","     670826"
"YESBANK","EQ","23-Jul-2019","         91.15","         89.00","         93.90","         87.10","         90.25","         90.65","         91.00","  164964349","         15012539949.15","     509390"
"YESBANK","EQ","24-Jul-2019","         90.65","         91.50","         93.65","         88.15","         88.75","         89.15","         90.71","  104007122","          9434281763.50","     346799"
"YESBANK","EQ","25-Jul-2019","         89.15","         88.40","         90.40","         85.85","         87.75","         87.65","         88.18","  113015178","          9965162931.55","     363374"
"YESBANK","EQ","26-Jul-2019","         87.65","         88.75","         96.90","         87.10","         95.60","         96.05","         93.51","  186097455","         17402535012.90","     588345"
"YESBANK","EQ","29-Jul-2019","         96.05","         95.70","         98.70","         91.35","         94.70","         94.75","         94.95","  138287221","         13130583467.65","     464412"
"YESBANK","EQ","30-Jul-2019","         94.75","         95.00","         96.30","         81.15","         85.80","         86.05","         91.07","  120979045","         11017060957.00","     395139"
"YESBANK","EQ","31-Jul-2019","         86.05","         86.00","         92.35","         84.75","         89.70","         91.20","         89.36","  133054947","         11890055421.10","     419511"
"YESBANK","EQ","01-Aug-2019","         91.20","         88.95","         91.30","         85.75","         89.10","         88.40","         88.81","  111842102","          9932209669.05","     357707"
"YESBANK","EQ","02-Aug-2019","         88.40","         87.80","         90.90","         86.80","         88.15","         88.30","         88.83","  106397716","          9451833048.80","     338485"
"YESBANK","EQ","05-Aug-2019","         88.30","         88.00","         88.00","         79.50","         81.05","         81.10","         82.50","  136352605","         11248489864.85","     458718"
"YESBANK","EQ","06-Aug-2019","         81.10","         80.90","         86.65","         79.70","         85.55","         85.35","         83.58","  134819814","         11268499387.50","     420139"
"YESBANK","EQ","07-Aug-2019","         85.35","         86.50","         92.00","         86.10","         87.05","         86.85","         89.64","  171429816","         15367599723.35","     491230"
"YESBANK","EQ","08-Aug-2019","         86.85","         89.25","         89.90","         84.80","         89.45","         89.20","         88.06","  122325009","         10771452637.40","     377805"
"YESBANK","EQ","09-Aug-2019","         89.20","         91.80","         92.45","         81.15","         82.20","         82.15","         85.45","  187030766","         15981878512.80","     546004"
"YESBANK","EQ","13-Aug-2019","         82.15","         84.00","         84.20","         72.85","         73.20","         73.60","         77.48","  206712601","         16016606884.95","     644643"
"YESBANK","EQ","14-Aug-2019","         73.60","         74.90","         77.90","         70.55","         76.60","         76.55","         75.51","  173114134","         13071756783.10","     512452"
"YESBANK","EQ","16-Aug-2019","         76.55","         79.00","         81.45","         76.85","         78.50","         79.45","         79.28","  143478784","         11374310743.70","     447994"
"YESBANK","EQ","19-Aug-2019","         79.45","         79.45","         80.75","         76.00","         76.80","         76.65","         77.98","  127652182","          9954116291.05","     383538"
"YESBANK","EQ","20-Aug-2019","         76.65","         76.95","         76.95","         70.50","         71.55","         71.20","         72.28","  167966737","         12140559139.10","     480588"
"YESBANK","EQ","21-Aug-2019","         71.20","         71.20","         71.50","         64.55","         65.05","         65.40","         67.70","  228212985","         15449793793.60","     592928"
"YESBANK","EQ","22-Aug-2019","         65.40","         66.40","         67.70","         53.20","         57.45","         56.30","         59.83","  314692568","         18828302482.25","     759126"
"YESBANK","EQ","23-Aug-2019","         56.30","         56.40","         61.25","         54.75","         59.45","         59.25","         58.89","  309367850","         18219656397.95","     742741"
"YESBANK","EQ","26-Aug-2019","         59.25","         62.95","         64.70","         57.35","         62.25","         62.90","         61.12","  277799302","         16978190443.60","     632346"
"YESBANK","EQ","27-Aug-2019","         62.90","         62.90","         65.35","         62.50","         64.95","         64.50","         64.02","  190996863","         12227084632.65","     454909"
"YESBANK","EQ","28-Aug-2019","         64.50","         64.50","         65.15","         58.05","         59.90","         59.50","         61.07","  223167624","         13629226542.35","     550714"
"YESBANK","EQ","29-Aug-2019","         59.50","         59.25","         59.30","         55.00","         57.50","         57.40","         56.71","  188754023","         10704090446.10","     470010"
"YESBANK","EQ","30-Aug-2019","         57.40","         58.25","         60.95","         55.50","         60.40","         59.95","         57.86","  226395035","         13100090625.85","     516012"
"YESBANK","EQ","03-Sep-2019","         59.95","         59.25","         62.30","         57.65","         58.60","         58.75","         59.62","  196326964","         11705756406.20","     451396"
"YESBANK","EQ","04-Sep-2019","         58.75","         58.35","         60.30","         57.25","         59.10","         59.45","         58.69","  143742201","          8436776073.50","     326434"
"YESBANK","EQ","05-Sep-2019","         59.45","         59.70","         62.35","         58.85","         61.80","         61.95","         60.72","  177919556","         10803485421.70","     372116"
"YESBANK","EQ","06-Sep-2019","         61.95","         61.30","         62.15","         59.60","         60.75","         60.40","         60.89","  130716447","          7959862803.35","     304732"
"YESBANK","EQ","09-Sep-2019","         60.40","         60.10","         64.10","         59.85","         63.00","         63.10","         62.04","  150897861","          9362062948.80","     334761"
"YESBANK","EQ","11-Sep-2019","         63.10","         66.00","         75.45","         65.00","         71.30","         71.60","         69.90","  332938591","         23273575772.05","     762268"
"YESBANK","EQ","12-Sep-2019","         71.60","         71.80","         72.20","         67.15","         68.25","         67.95","         69.07","  221839869","         15321992880.50","     485189"
"YESBANK","EQ","13-Sep-2019","         67.95","         67.00","         69.50","         64.10","         67.80","         68.55","         66.60","  278285524","         18534764806.80","     584011"
"YESBANK","EQ","16-Sep-2019","         68.55","         67.60","         68.20","         65.95","         67.10","         67.05","         67.25","  128189225","          8620958082.65","     343928"
"YESBANK","EQ","17-Sep-2019","         67.05","         67.10","         68.80","         64.65","         65.30","         65.10","         67.07","  150932029","         10123335883.30","     381998"
"YESBANK","EQ","18-Sep-2019","         65.10","         66.00","         66.45","         61.70","         64.45","         64.10","         64.49","  186937027","         12054946484.85","     424930"
"YESBANK","EQ","19-Sep-2019","         64.10","         64.70","         64.80","         53.00","         54.00","         54.10","         57.87","  321270950","         18593093070.05","     782427"
"YESBANK","EQ","20-Sep-2019","         54.10","         53.70","         59.90","         52.70","         56.10","         55.50","         56.66","  398347296","         22570805918.00","     890174"
"YESBANK","EQ","23-Sep-2019","         55.50","         57.00","         57.50","         52.90","         55.20","         55.45","         55.16","  221169297","         12199259386.30","     509487"
"YESBANK","EQ","24-Sep-2019","         55.45","         54.90","         57.65","         53.55","         56.00","         56.05","         55.65","  171828060","          9562790208.90","     447755"
"YESBANK","EQ","25-Sep-2019","         56.05","         55.90","         56.85","         53.10","         53.25","         53.70","         55.08","  152430784","          8396622932.85","     401291"
"YESBANK","EQ","26-Sep-2019","         53.70","         53.90","         54.25","         50.55","         51.20","         51.05","         52.00","  249670424","         12983112614.10","     555056"
"YESBANK","EQ","27-Sep-2019","         51.05","         50.00","         52.90","         48.40","         48.50","         48.75","         50.22","  306867611","         15411325340.70","     662091"
"YESBANK","EQ","30-Sep-2019","         48.75","         48.25","         49.10","         40.95","         41.75","         41.40","         43.37","  356666325","         15467304144.45","     724079"
"YESBANK","EQ","01-Oct-2019","         41.40","         42.00","         44.30","         29.00","         32.20","         32.00","         36.10","  808959169","         29206424822.95","    1336273"
"YESBANK","EQ","03-Oct-2019","         32.00","         35.20","         43.45","         35.20","         42.75","         42.50","         39.86","  584506441","         23296790512.55","    1029273"
"YESBANK","EQ","04-Oct-2019","         42.50","         45.00","         45.90","         40.95","         41.90","         42.15","         43.07","  512643766","         22078024828.40","     870614"
"YESBANK","EQ","07-Oct-2019","         42.15","         45.95","         46.80","         42.80","         45.35","         45.65","         45.00","  355287494","         15987143287.25","     663192"
"YESBANK","EQ","09-Oct-2019","         45.65","         45.45","         45.45","         41.05","         43.30","         43.25","         42.95","  343533101","         14755598937.30","     582516"
"YESBANK","EQ","10-Oct-2019","         43.25","         41.70","         42.70","         40.15","         40.90","         40.95","         41.31","  207266038","          8562206117.70","     380074"
"YESBANK","EQ","11-Oct-2019","         40.95","         41.00","         42.00","         37.00","         39.75","         39.60","         39.24","  339478520","         13322527038.40","     538711"
"YESBANK","EQ","14-Oct-2019","         39.60","         39.90","         41.50","         38.80","         40.45","         40.10","         40.18","  223727101","          8988288825.05","     397528"
"YESBANK","EQ","15-Oct-2019","         40.10","         41.10","         41.45","         39.00","         40.80","         40.60","         40.34","  193601940","          7810567243.70","     298448"
"YESBANK","EQ","16-Oct-2019","         40.60","         40.60","         42.05","         39.80","         41.70","         41.05","         40.69","  188799876","          7682631443.00","     308432"
"YESBANK","EQ","17-Oct-2019","         41.05","         41.90","         48.20","         40.70","         47.40","         47.40","         44.95","  422749767","         19003581611.90","     749864"
"YESBANK","EQ","18-Oct-2019","         47.40","         46.60","         52.70","         46.00","         51.30","         51.40","         50.47","  441645534","         22290972982.45","     746958"
"YESBANK","EQ","22-Oct-2019","         51.40","         53.00","         56.60","         50.25","         51.90","         51.80","         54.03","  407437580","         22013880691.00","     718151"
"YESBANK","EQ","23-Oct-2019","         51.80","         51.80","         53.50","         49.20","         51.00","         51.20","         51.48","  296722600","         15274453537.10","     540326"
"YESBANK","EQ","24-Oct-2019","         51.20","         51.20","         52.55","         47.45","         48.45","         48.30","         50.33","  230787323","         11615763116.25","     442813"
"YESBANK","EQ","25-Oct-2019","         48.30","         48.65","         54.30","         45.75","         53.70","         52.15","         48.96","  346577924","         16967247386.05","     604569"
"YESBANK","EQ","27-Oct-2019","         52.15","         55.20","         56.45","         54.15","         54.95","         54.75","         55.08","   74992659","          4130903967.20","     160020"
"YESBANK","EQ","29-Oct-2019","         54.75","         54.35","         59.90","         53.10","         58.20","         58.15","         57.57","  368611147","         21222725915.65","     664126"
"YESBANK","EQ","30-Oct-2019","         58.15","         59.10","         59.45","         56.00","         56.05","         56.80","         57.74","  256297926","         14799656899.40","     498285"
"YESBANK","EQ","31-Oct-2019","         56.80","         56.10","         78.70","         54.90","         70.30","         70.40","         67.82","  836967454","         56763284694.95","    1566693"
"YESBANK","EQ","01-Nov-2019","         70.40","         71.00","         71.85","         65.00","         66.10","         66.60","         68.25","  431574597","         29455098320.55","    1021293"
"YESBANK","EQ","04-Nov-2019","         66.60","         59.95","         71.30","         56.65","         65.80","         66.15","         65.80","  420997681","         27700209937.15","     946240"
"YESBANK","EQ","05-Nov-2019","         66.15","         70.30","         72.00","         67.20","         68.30","         68.30","         68.95","  294896159","         20332670989.95","     672280"
"YESBANK","EQ","06-Nov-2019","         68.30","         68.55","         71.15","         67.55","         68.55","         68.70","         69.24","  226082900","         15653233465.55","     510083"
"YESBANK","EQ","07-Nov-2019","         68.70","         68.00","         69.30","         66.00","         66.25","         66.45","         67.52","  189859140","         12818642301.50","     470202"
"YESBANK","EQ","08-Nov-2019","         66.45","         65.90","         72.30","         64.30","         69.65","         68.95","         69.45","  413106980","         28689577290.40","     828730"
"YESBANK","EQ","11-Nov-2019","         68.95","         70.00","         73.55","         69.15","         72.90","         73.00","         71.79","  263947818","         18949138656.95","     582022"
"YESBANK","EQ","13-Nov-2019","         73.00","         74.40","         75.30","         67.10","         68.85","         68.20","         71.72","  317911123","         22801009582.30","     698567"
"YESBANK","EQ","14-Nov-2019","         68.20","         68.85","         70.80","         67.10","         68.75","         68.75","         69.11","  195114955","         13483697317.05","     408808"
"YESBANK","EQ","15-Nov-2019","         68.75","         69.20","         70.20","         68.30","         68.95","         68.70","         69.04","  129526064","          8941862243.30","     269751"
"YESBANK","EQ","18-Nov-2019","         68.70","         69.25","         69.25","         65.40","         65.75","         65.85","         66.92","  178150594","         11921655964.80","     428300"
"YESBANK","EQ","19-Nov-2019","         65.85","         65.00","         67.25","         63.05","         64.20","         64.15","         65.07","  239228500","         15566334641.25","     555304"
"YESBANK","EQ","20-Nov-2019","         64.15","         62.10","         66.45","         62.00","         65.90","         65.85","         64.65","  229215332","         14818510080.40","     488969"
"YESBANK","EQ","21-Nov-2019","         65.85","         66.90","         66.90","         63.80","         63.80","         64.25","         65.00","  133531524","          8679464352.20","     318722"
"YESBANK","EQ","22-Nov-2019","         64.25","         64.25","         66.15","         64.00","         64.95","         64.80","         65.26","  121791625","          7948102293.30","     263028"
"YESBANK","EQ","25-Nov-2019","         64.80","         64.95","         65.50","         62.30","         63.90","         63.75","         63.75","  171923335","         10959537125.50","     388319"
"YESBANK","EQ","26-Nov-2019","         63.75","         64.60","         67.50","         62.55","         64.20","         63.15","         64.55","  399791670","         25808499554.95","     585677"
"YESBANK","EQ","27-Nov-2019","         63.15","         68.10","         69.00","         65.65","         68.40","         68.25","         67.31","  254612192","         17136807425.25","     493732"
"YESBANK","EQ","28-Nov-2019","         68.25","         69.00","         70.65","         68.35","         70.40","         70.05","         69.51","  223021365","         15503203339.50","     434702"
"YESBANK","EQ","29-Nov-2019","         70.05","         72.00","         74.00","         67.55","         68.50","         68.30","         70.78","  428332393","         30315352072.65","     820013"
"YESBANK","EQ","02-Dec-2019","         68.30","         69.00","         69.30","         63.05","         63.80","         64.05","         66.32","  361756071","         23990536823.55","     712873"
"YESBANK","EQ","03-Dec-2019","         64.05","         64.10","         65.25","         59.00","         59.20","         59.50","         61.43","  297142445","         18252004253.00","     651462"
"YESBANK","EQ","04-Dec-2019","         59.50","         58.55","         63.45","         56.65","         63.00","         63.00","         60.75","  340845428","         20705111668.90","     709378"
"YESBANK","EQ","05-Dec-2019","         63.00","         63.00","         64.00","         60.85","         61.95","         62.10","         62.42","  224990595","         14043710421.80","     463307"
"YESBANK","EQ","06-Dec-2019","         62.10","         60.10","         60.75","         55.15","         55.60","         56.00","         57.74","  282441286","         16309143107.25","     607669"
"YESBANK","EQ","09-Dec-2019","         56.00","         56.00","         58.85","         53.75","         56.30","         56.25","         56.57","  314839590","         17811007121.75","     617620"
"YESBANK","EQ","10-Dec-2019","         56.25","         54.80","         56.35","         48.55","         50.40","         50.55","         52.86","  345518744","         18264934302.90","     720453"
"YESBANK","EQ","11-Dec-2019","         50.55","         47.25","         49.40","         40.75","         43.55","         42.80","         44.32","  661012673","         29299313184.90","    1204069"
"YESBANK","EQ","12-Dec-2019","         42.80","         43.15","         48.80","         42.80","         45.30","         45.35","         45.49","  398199436","         18115348647.05","     770900"
"YESBANK","EQ","13-Dec-2019","         45.35","         45.50","         47.65","         45.40","         46.70","         46.65","         46.70","  201459985","          9408456805.70","     376657"
"YESBANK","EQ","16-Dec-2019","         46.65","         47.25","         48.00","         45.95","         46.90","         46.80","         46.69","  172273653","          8043508959.20","     318446"
"YESBANK","EQ","17-Dec-2019","         46.80","         47.40","         48.20","         46.85","         47.65","         47.60","         47.58","  130789036","          6222344361.25","     275038"
"YESBANK","EQ","18-Dec-2019","         47.60","         48.00","         48.20","         46.00","         46.75","         46.75","         46.99","  130282558","          6122347765.95","     263639"
"YESBANK","EQ","19-Dec-2019","         46.75","         46.00","         51.40","         44.95","         49.80","         49.90","         48.32","  307936405","         14879594645.70","     573267"
"YESBANK","EQ","20-Dec-2019","         49.90","         49.50","         53.50","         48.30","         50.80","         51.40","         51.86","  359647922","         18650668356.00","     667927"
"YESBANK","EQ","23-Dec-2019","         51.40","         50.75","         52.30","         48.70","         49.45","         49.65","         50.66","  276776855","         14022271613.80","     479271"
"YESBANK","EQ","24-Dec-2019","         49.65","         50.15","         52.00","         50.05","         51.15","         51.20","         51.13","  242779981","         12413869407.15","     413646"
